REGIONAL , BRANCH   , CLUSTER           , KABUPATEN        , KECAMATAN
JATIM    , JEMBER   , BANYUWANGI        , BANYUWANGI       , BANGOREJO
JATIM    , JEMBER   , BANYUWANGI        , BANYUWANGI       , BANYUWANGI
JATIM    , JEMBER   , BANYUWANGI        , BANYUWANGI       , CLURING
JATIM    , JEMBER   , BANYUWANGI        , BANYUWANGI       , GAMBIRAN
JATIM    , JEMBER   , BANYUWANGI        , BANYUWANGI       , GENTENG
JATIM    , JEMBER   , BANYUWANGI        , BANYUWANGI       , GIRI
JATIM    , JEMBER   , BANYUWANGI        , BANYUWANGI       , GLAGAH
JATIM    , JEMBER   , BANYUWANGI        , BANYUWANGI       , GLENMORE
JATIM    , JEMBER   , BANYUWANGI        , BANYUWANGI       , KABAT
JATIM    , JEMBER   , BANYUWANGI        , BANYUWANGI       , KALIBARU
JATIM    , JEMBER   , BANYUWANGI        , BANYUWANGI       , KALIPURO
JATIM    , JEMBER   , BANYUWANGI        , BANYUWANGI       , LICIN
JATIM    , JEMBER   , BANYUWANGI        , BANYUWANGI       , MUNCAR
JATIM    , JEMBER   , BANYUWANGI        , BANYUWANGI       , PESANGGARAN
JATIM    , JEMBER   , BANYUWANGI        , BANYUWANGI       , PURWOHARJO
JATIM    , JEMBER   , BANYUWANGI        , BANYUWANGI       , ROGOJAMPI
JATIM    , JEMBER   , BANYUWANGI        , BANYUWANGI       , SEMPU
JATIM    , JEMBER   , BANYUWANGI        , BANYUWANGI       , SILIRAGUNG
JATIM    , JEMBER   , BANYUWANGI        , BANYUWANGI       , SINGOJURUH
JATIM    , JEMBER   , BANYUWANGI        , BANYUWANGI       , SONGGON
JATIM    , JEMBER   , BANYUWANGI        , BANYUWANGI       , SRONO
JATIM    , JEMBER   , BANYUWANGI        , BANYUWANGI       , TEGALDLIMO
JATIM    , JEMBER   , BANYUWANGI        , BANYUWANGI       , TEGALSARI
JATIM    , JEMBER   , BANYUWANGI        , BANYUWANGI       , WONGSOREJO
JATIM    , JEMBER   , SITUBONDOWOSO     , BONDOWOSO        , BONDOWOSO
JATIM    , JEMBER   , SITUBONDOWOSO     , BONDOWOSO        , BOTOLINGGO
JATIM    , JEMBER   , SITUBONDOWOSO     , BONDOWOSO        , CERMEE
JATIM    , JEMBER   , SITUBONDOWOSO     , BONDOWOSO        , CURAH DAMI
JATIM    , JEMBER   , SITUBONDOWOSO     , BONDOWOSO        , GRUJUGAN
JATIM    , JEMBER   , SITUBONDOWOSO     , BONDOWOSO        , JAMBESARI DARUS SHOLAH
JATIM    , JEMBER   , SITUBONDOWOSO     , BONDOWOSO        , KLABANG
JATIM    , JEMBER   , SITUBONDOWOSO     , BONDOWOSO        , MAESAN
JATIM    , JEMBER   , SITUBONDOWOSO     , BONDOWOSO        , PAKEM
JATIM    , JEMBER   , SITUBONDOWOSO     , BONDOWOSO        , PRAJEKAN
JATIM    , JEMBER   , SITUBONDOWOSO     , BONDOWOSO        , PUJER
JATIM    , JEMBER   , SITUBONDOWOSO     , BONDOWOSO        , SEMPOL
JATIM    , JEMBER   , SITUBONDOWOSO     , BONDOWOSO        , SUKOSARI
JATIM    , JEMBER   , SITUBONDOWOSO     , BONDOWOSO        , SUMBER WRINGIN
JATIM    , JEMBER   , SITUBONDOWOSO     , BONDOWOSO        , TAMAN KROCOK
JATIM    , JEMBER   , SITUBONDOWOSO     , BONDOWOSO        , TAMANAN
JATIM    , JEMBER   , SITUBONDOWOSO     , BONDOWOSO        , TAPEN
JATIM    , JEMBER   , SITUBONDOWOSO     , BONDOWOSO        , TEGALAMPEL
JATIM    , JEMBER   , SITUBONDOWOSO     , BONDOWOSO        , TENGGARANG
JATIM    , JEMBER   , SITUBONDOWOSO     , BONDOWOSO        , TLOGOSARI
JATIM    , JEMBER   , SITUBONDOWOSO     , BONDOWOSO        , WONOSARI
JATIM    , JEMBER   , SITUBONDOWOSO     , BONDOWOSO        , WRINGIN
JATIM    , JEMBER   , SITUBONDOWOSO     , SITUBONDO        , ARJASA
JATIM    , JEMBER   , SITUBONDOWOSO     , SITUBONDO        , ASEMBAGUS
JATIM    , JEMBER   , SITUBONDOWOSO     , SITUBONDO        , BANYUGLUGUR
JATIM    , JEMBER   , SITUBONDOWOSO     , SITUBONDO        , BANYUPUTIH
JATIM    , JEMBER   , SITUBONDOWOSO     , SITUBONDO        , BESUKI
JATIM    , JEMBER   , SITUBONDOWOSO     , SITUBONDO        , BUNGATAN
JATIM    , JEMBER   , SITUBONDOWOSO     , SITUBONDO        , JANGKAR
JATIM    , JEMBER   , SITUBONDOWOSO     , SITUBONDO        , JATIBANTENG
JATIM    , JEMBER   , SITUBONDOWOSO     , SITUBONDO        , KAPONGAN
JATIM    , JEMBER   , SITUBONDOWOSO     , SITUBONDO        , KENDIT
JATIM    , JEMBER   , SITUBONDOWOSO     , SITUBONDO        , MANGARAN
JATIM    , JEMBER   , SITUBONDOWOSO     , SITUBONDO        , MLANDINGAN
JATIM    , JEMBER   , SITUBONDOWOSO     , SITUBONDO        , PANARUKAN
JATIM    , JEMBER   , SITUBONDOWOSO     , SITUBONDO        , PANJI
JATIM    , JEMBER   , SITUBONDOWOSO     , SITUBONDO        , SITUBONDO
JATIM    , JEMBER   , SITUBONDOWOSO     , SITUBONDO        , SUBOH
JATIM    , JEMBER   , SITUBONDOWOSO     , SITUBONDO        , SUMBERMALANG
JATIM    , JEMBER   , JEMBER            , JEMBER           , AJUNG
JATIM    , JEMBER   , JEMBER            , JEMBER           , AMBULU
JATIM    , JEMBER   , JEMBER            , JEMBER           , ARJASA
JATIM    , JEMBER   , JEMBER            , JEMBER           , BALUNG
JATIM    , JEMBER   , JEMBER            , JEMBER           , BANGSALSARI
JATIM    , JEMBER   , JEMBER            , JEMBER           , GUMUK MAS
JATIM    , JEMBER   , JEMBER            , JEMBER           , JELBUK
JATIM    , JEMBER   , JEMBER            , JEMBER           , JENGGAWAH
JATIM    , JEMBER   , JEMBER            , JEMBER           , JOMBANG
JATIM    , JEMBER   , JEMBER            , JEMBER           , KALISAT
JATIM    , JEMBER   , JEMBER            , JEMBER           , KALIWATES
JATIM    , JEMBER   , JEMBER            , JEMBER           , KENCONG
JATIM    , JEMBER   , JEMBER            , JEMBER           , LEDOKOMBO
JATIM    , JEMBER   , JEMBER            , JEMBER           , MAYANG
JATIM    , JEMBER   , JEMBER            , JEMBER           , MUMBULSARI
JATIM    , JEMBER   , JEMBER            , JEMBER           , PAKUSARI
JATIM    , JEMBER   , JEMBER            , JEMBER           , PANTI
JATIM    , JEMBER   , JEMBER            , JEMBER           , PATRANG
JATIM    , JEMBER   , JEMBER            , JEMBER           , PUGER
JATIM    , JEMBER   , JEMBER            , JEMBER           , RAMBIPUJI
JATIM    , JEMBER   , JEMBER            , JEMBER           , SEMBORO
JATIM    , JEMBER   , JEMBER            , JEMBER           , SILO
JATIM    , JEMBER   , JEMBER            , JEMBER           , SUKORAMBI
JATIM    , JEMBER   , JEMBER            , JEMBER           , SUKOWONO
JATIM    , JEMBER   , JEMBER            , JEMBER           , SUMBER BARU
JATIM    , JEMBER   , JEMBER            , JEMBER           , SUMBERJAMBE
JATIM    , JEMBER   , JEMBER            , JEMBER           , SUMBERSARI
JATIM    , JEMBER   , JEMBER            , JEMBER           , TANGGUL
JATIM    , JEMBER   , JEMBER            , JEMBER           , TEMPUREJO
JATIM    , JEMBER   , JEMBER            , JEMBER           , UMBULSARI
JATIM    , JEMBER   , JEMBER            , JEMBER           , WULUHAN
JATIM    , JEMBER   , KOTA PROBOLINGGO  , LUMAJANG         , CANDIPURO
JATIM    , JEMBER   , KOTA PROBOLINGGO  , LUMAJANG         , GUCIALIT
JATIM    , JEMBER   , KOTA PROBOLINGGO  , LUMAJANG         , JATIROTO
JATIM    , JEMBER   , KOTA PROBOLINGGO  , LUMAJANG         , KEDUNGJAJANG
JATIM    , JEMBER   , KOTA PROBOLINGGO  , LUMAJANG         , KLAKAH
JATIM    , JEMBER   , KOTA PROBOLINGGO  , LUMAJANG         , KUNIR
JATIM    , JEMBER   , KOTA PROBOLINGGO  , LUMAJANG         , LUMAJANG
JATIM    , JEMBER   , KOTA PROBOLINGGO  , LUMAJANG         , PADANG
JATIM    , JEMBER   , KOTA PROBOLINGGO  , LUMAJANG         , PASIRIAN
JATIM    , JEMBER   , KOTA PROBOLINGGO  , LUMAJANG         , PASRUJAMBE
JATIM    , JEMBER   , KOTA PROBOLINGGO  , LUMAJANG         , PRONOJIWO
JATIM    , JEMBER   , KOTA PROBOLINGGO  , LUMAJANG         , RANDUAGUNG
JATIM    , JEMBER   , KOTA PROBOLINGGO  , LUMAJANG         , RANUYOSO
JATIM    , JEMBER   , KOTA PROBOLINGGO  , LUMAJANG         , ROWOKANGKUNG
JATIM    , JEMBER   , KOTA PROBOLINGGO  , LUMAJANG         , SENDURO
JATIM    , JEMBER   , KOTA PROBOLINGGO  , LUMAJANG         , SUKODONO
JATIM    , JEMBER   , KOTA PROBOLINGGO  , LUMAJANG         , SUMBERSUKO
JATIM    , JEMBER   , KOTA PROBOLINGGO  , LUMAJANG         , TEKUNG
JATIM    , JEMBER   , KOTA PROBOLINGGO  , LUMAJANG         , TEMPEH
JATIM    , JEMBER   , KOTA PROBOLINGGO  , LUMAJANG         , TEMPURSARI
JATIM    , JEMBER   , KOTA PROBOLINGGO  , LUMAJANG         , YOSOWILANGUN
JATIM    , JEMBER   , KOTA PROBOLINGGO  , KOTA PROBOLINGGO , KADEMANGAN
JATIM    , JEMBER   , KOTA PROBOLINGGO  , KOTA PROBOLINGGO , KANIGARAN
JATIM    , JEMBER   , KOTA PROBOLINGGO  , KOTA PROBOLINGGO , KEDOPOK
JATIM    , JEMBER   , KOTA PROBOLINGGO  , KOTA PROBOLINGGO , MAYANGAN
JATIM    , JEMBER   , KOTA PROBOLINGGO  , KOTA PROBOLINGGO , WONOASIH
JATIM    , JEMBER   , KOTA PROBOLINGGO  , PROBOLINGGO      , BANTARAN
JATIM    , JEMBER   , KOTA PROBOLINGGO  , PROBOLINGGO      , BANYUANYAR
JATIM    , JEMBER   , KOTA PROBOLINGGO  , PROBOLINGGO      , BESUK
JATIM    , JEMBER   , KOTA PROBOLINGGO  , PROBOLINGGO      , DRINGU
JATIM    , JEMBER   , KOTA PROBOLINGGO  , PROBOLINGGO      , GADING
JATIM    , JEMBER   , KOTA PROBOLINGGO  , PROBOLINGGO      , GENDING
JATIM    , JEMBER   , KOTA PROBOLINGGO  , PROBOLINGGO      , KOTAANYAR
JATIM    , JEMBER   , KOTA PROBOLINGGO  , PROBOLINGGO      , KRAKSAAN
JATIM    , JEMBER   , KOTA PROBOLINGGO  , PROBOLINGGO      , KREJENGAN
JATIM    , JEMBER   , KOTA PROBOLINGGO  , PROBOLINGGO      , KRUCIL
JATIM    , JEMBER   , KOTA PROBOLINGGO  , PROBOLINGGO      , KURIPAN
JATIM    , JEMBER   , KOTA PROBOLINGGO  , PROBOLINGGO      , LECES
JATIM    , JEMBER   , KOTA PROBOLINGGO  , PROBOLINGGO      , LUMBANG
JATIM    , JEMBER   , KOTA PROBOLINGGO  , PROBOLINGGO      , MARON
JATIM    , JEMBER   , KOTA PROBOLINGGO  , PROBOLINGGO      , PAITON
JATIM    , JEMBER   , KOTA PROBOLINGGO  , PROBOLINGGO      , PAJARAKAN
JATIM    , JEMBER   , KOTA PROBOLINGGO  , PROBOLINGGO      , PAKUNIRAN
JATIM    , JEMBER   , KOTA PROBOLINGGO  , PROBOLINGGO      , SUKAPURA
JATIM    , JEMBER   , KOTA PROBOLINGGO  , PROBOLINGGO      , SUMBER
JATIM    , JEMBER   , KOTA PROBOLINGGO  , PROBOLINGGO      , SUMBERASIH
JATIM    , JEMBER   , KOTA PROBOLINGGO  , PROBOLINGGO      , TEGALSIWALAN
JATIM    , JEMBER   , KOTA PROBOLINGGO  , PROBOLINGGO      , TIRIS
JATIM    , JEMBER   , KOTA PROBOLINGGO  , PROBOLINGGO      , TONGAS
JATIM    , JEMBER   , KOTA PROBOLINGGO  , PROBOLINGGO      , WONOMERTO
JATIM    , LAMONGAN , LAMONGAN GRESIK   , GRESIK           , BALONGPANGGANG
JATIM    , LAMONGAN , LAMONGAN GRESIK   , GRESIK           , BENJENG
JATIM    , LAMONGAN , LAMONGAN GRESIK   , GRESIK           , BUNGAH
JATIM    , LAMONGAN , LAMONGAN GRESIK   , GRESIK           , CERME
JATIM    , LAMONGAN , LAMONGAN GRESIK   , GRESIK           , DRIYOREJO
JATIM    , LAMONGAN , LAMONGAN GRESIK   , GRESIK           , DUDUKSAMPEYAN
JATIM    , LAMONGAN , LAMONGAN GRESIK   , GRESIK           , DUKUN
JATIM    , LAMONGAN , LAMONGAN GRESIK   , GRESIK           , GRESIK
JATIM    , LAMONGAN , LAMONGAN GRESIK   , GRESIK           , KEBOMAS
JATIM    , LAMONGAN , LAMONGAN GRESIK   , GRESIK           , KEDAMEAN
JATIM    , LAMONGAN , LAMONGAN GRESIK   , GRESIK           , MANYAR
JATIM    , LAMONGAN , LAMONGAN GRESIK   , GRESIK           , MENGANTI
JATIM    , LAMONGAN , LAMONGAN GRESIK   , GRESIK           , PANCENG
JATIM    , LAMONGAN , LAMONGAN GRESIK   , GRESIK           , SANGKAPURA
JATIM    , LAMONGAN , LAMONGAN GRESIK   , GRESIK           , SIDAYU
JATIM    , LAMONGAN , LAMONGAN GRESIK   , GRESIK           , TAMBAK
JATIM    , LAMONGAN , LAMONGAN GRESIK   , GRESIK           , UJUNGPANGKAH
JATIM    , LAMONGAN , LAMONGAN GRESIK   , GRESIK           , WRINGINANOM
JATIM    , LAMONGAN , LAMONGAN GRESIK   , LAMONGAN         , BABAT
JATIM    , LAMONGAN , LAMONGAN GRESIK   , LAMONGAN         , BLULUK
JATIM    , LAMONGAN , LAMONGAN GRESIK   , LAMONGAN         , BRONDONG
JATIM    , LAMONGAN , LAMONGAN GRESIK   , LAMONGAN         , DEKET
JATIM    , LAMONGAN , LAMONGAN GRESIK   , LAMONGAN         , GLAGAH
JATIM    , LAMONGAN , LAMONGAN GRESIK   , LAMONGAN         , KALITENGAH
JATIM    , LAMONGAN , LAMONGAN GRESIK   , LAMONGAN         , KARANG GENENG
JATIM    , LAMONGAN , LAMONGAN GRESIK   , LAMONGAN         , KARANGBINANGUN
JATIM    , LAMONGAN , LAMONGAN GRESIK   , LAMONGAN         , KEDUNGPRING
JATIM    , LAMONGAN , LAMONGAN GRESIK   , LAMONGAN         , KEMBANGBAHU
JATIM    , LAMONGAN , LAMONGAN GRESIK   , LAMONGAN         , LAMONGAN
JATIM    , LAMONGAN , LAMONGAN GRESIK   , LAMONGAN         , LAREN
JATIM    , LAMONGAN , LAMONGAN GRESIK   , LAMONGAN         , MADURAN
JATIM    , LAMONGAN , LAMONGAN GRESIK   , LAMONGAN         , MANTUP
JATIM    , LAMONGAN , LAMONGAN GRESIK   , LAMONGAN         , MODO
JATIM    , LAMONGAN , LAMONGAN GRESIK   , LAMONGAN         , NGIMBANG
JATIM    , LAMONGAN , LAMONGAN GRESIK   , LAMONGAN         , PACIRAN
JATIM    , LAMONGAN , LAMONGAN GRESIK   , LAMONGAN         , PUCUK
JATIM    , LAMONGAN , LAMONGAN GRESIK   , LAMONGAN         , SAMBENG
JATIM    , LAMONGAN , LAMONGAN GRESIK   , LAMONGAN         , SARIREJO
JATIM    , LAMONGAN , LAMONGAN GRESIK   , LAMONGAN         , SEKARAN
JATIM    , LAMONGAN , LAMONGAN GRESIK   , LAMONGAN         , SOLOKURO
JATIM    , LAMONGAN , LAMONGAN GRESIK   , LAMONGAN         , SUGIO
JATIM    , LAMONGAN , LAMONGAN GRESIK   , LAMONGAN         , SUKODADI
JATIM    , LAMONGAN , LAMONGAN GRESIK   , LAMONGAN         , SUKORAME
JATIM    , LAMONGAN , LAMONGAN GRESIK   , LAMONGAN         , TIKUNG
JATIM    , LAMONGAN , LAMONGAN GRESIK   , LAMONGAN         , TURI
JATIM    , LAMONGAN , TUBAN BOJONEGORO  , BOJONEGORO       , BALEN
JATIM    , LAMONGAN , TUBAN BOJONEGORO  , BOJONEGORO       , BAURENO
JATIM    , LAMONGAN , TUBAN BOJONEGORO  , BOJONEGORO       , BOJONEGORO
JATIM    , LAMONGAN , TUBAN BOJONEGORO  , BOJONEGORO       , BUBULAN
JATIM    , LAMONGAN , TUBAN BOJONEGORO  , BOJONEGORO       , DANDER
JATIM    , LAMONGAN , TUBAN BOJONEGORO  , BOJONEGORO       , GAYAM
JATIM    , LAMONGAN , TUBAN BOJONEGORO  , BOJONEGORO       , GONDANG
JATIM    , LAMONGAN , TUBAN BOJONEGORO  , BOJONEGORO       , KALITIDU
JATIM    , LAMONGAN , TUBAN BOJONEGORO  , BOJONEGORO       , KANOR
JATIM    , LAMONGAN , TUBAN BOJONEGORO  , BOJONEGORO       , KAPAS
JATIM    , LAMONGAN , TUBAN BOJONEGORO  , BOJONEGORO       , KASIMAN
JATIM    , LAMONGAN , TUBAN BOJONEGORO  , BOJONEGORO       , KEDEWAN
JATIM    , LAMONGAN , TUBAN BOJONEGORO  , BOJONEGORO       , KEDUNGADEM
JATIM    , LAMONGAN , TUBAN BOJONEGORO  , BOJONEGORO       , KEPOH BARU
JATIM    , LAMONGAN , TUBAN BOJONEGORO  , BOJONEGORO       , MALO
JATIM    , LAMONGAN , TUBAN BOJONEGORO  , BOJONEGORO       , MARGOMULYO
JATIM    , LAMONGAN , TUBAN BOJONEGORO  , BOJONEGORO       , NGAMBON
JATIM    , LAMONGAN , TUBAN BOJONEGORO  , BOJONEGORO       , NGASEM
JATIM    , LAMONGAN , TUBAN BOJONEGORO  , BOJONEGORO       , NGRAHO
JATIM    , LAMONGAN , TUBAN BOJONEGORO  , BOJONEGORO       , PADANGAN
JATIM    , LAMONGAN , TUBAN BOJONEGORO  , BOJONEGORO       , PURWOSARI
JATIM    , LAMONGAN , TUBAN BOJONEGORO  , BOJONEGORO       , SEKAR
JATIM    , LAMONGAN , TUBAN BOJONEGORO  , BOJONEGORO       , SUGIHWARAS
JATIM    , LAMONGAN , TUBAN BOJONEGORO  , BOJONEGORO       , SUKOSEWU
JATIM    , LAMONGAN , TUBAN BOJONEGORO  , BOJONEGORO       , SUMBEREJO
JATIM    , LAMONGAN , TUBAN BOJONEGORO  , BOJONEGORO       , TAMBAKREJO
JATIM    , LAMONGAN , TUBAN BOJONEGORO  , BOJONEGORO       , TEMAYANG
JATIM    , LAMONGAN , TUBAN BOJONEGORO  , BOJONEGORO       , TRUCUK
JATIM    , MADIUN   , MADIUN            , NGAWI            , BRINGIN
JATIM    , MADIUN   , MADIUN            , NGAWI            , GENENG
JATIM    , MADIUN   , MADIUN            , NGAWI            , GERIH
JATIM    , MADIUN   , MADIUN            , NGAWI            , JOGOROGO
JATIM    , MADIUN   , MADIUN            , NGAWI            , KARANGANYAR
JATIM    , MADIUN   , MADIUN            , NGAWI            , KARANGJATI
JATIM    , MADIUN   , MADIUN            , NGAWI            , KASREMAN
JATIM    , MADIUN   , MADIUN            , NGAWI            , KEDUNGGALAR
JATIM    , MADIUN   , MADIUN            , NGAWI            , KENDAL
JATIM    , MADIUN   , MADIUN            , NGAWI            , KWADUNGAN
JATIM    , MADIUN   , MADIUN            , NGAWI            , MANTINGAN
JATIM    , MADIUN   , MADIUN            , NGAWI            , NGAWI
JATIM    , MADIUN   , MADIUN            , NGAWI            , NGRAMBE
JATIM    , MADIUN   , MADIUN            , NGAWI            , PADAS
JATIM    , MADIUN   , MADIUN            , NGAWI            , PANGKUR
JATIM    , MADIUN   , MADIUN            , NGAWI            , PARON
JATIM    , MADIUN   , MADIUN            , NGAWI            , PITU
JATIM    , MADIUN   , MADIUN            , NGAWI            , SINE
JATIM    , MADIUN   , MADIUN            , NGAWI            , WIDODAREN
JATIM    , LAMONGAN , TUBAN BOJONEGORO  , TUBAN            , BANCAR
JATIM    , LAMONGAN , TUBAN BOJONEGORO  , TUBAN            , BANGILAN
JATIM    , LAMONGAN , TUBAN BOJONEGORO  , TUBAN            , GRABAGAN
JATIM    , LAMONGAN , TUBAN BOJONEGORO  , TUBAN            , JATIROGO
JATIM    , LAMONGAN , TUBAN BOJONEGORO  , TUBAN            , JENU
JATIM    , LAMONGAN , TUBAN BOJONEGORO  , TUBAN            , KENDURUAN
JATIM    , LAMONGAN , TUBAN BOJONEGORO  , TUBAN            , KEREK
JATIM    , LAMONGAN , TUBAN BOJONEGORO  , TUBAN            , MERAKURAK
JATIM    , LAMONGAN , TUBAN BOJONEGORO  , TUBAN            , MONTONG
JATIM    , LAMONGAN , TUBAN BOJONEGORO  , TUBAN            , PALANG
JATIM    , LAMONGAN , TUBAN BOJONEGORO  , TUBAN            , PARENGAN
JATIM    , LAMONGAN , TUBAN BOJONEGORO  , TUBAN            , PLUMPANG
JATIM    , LAMONGAN , TUBAN BOJONEGORO  , TUBAN            , RENGEL
JATIM    , LAMONGAN , TUBAN BOJONEGORO  , TUBAN            , SEMANDING
JATIM    , LAMONGAN , TUBAN BOJONEGORO  , TUBAN            , SENORI
JATIM    , LAMONGAN , TUBAN BOJONEGORO  , TUBAN            , SINGGAHAN
JATIM    , LAMONGAN , TUBAN BOJONEGORO  , TUBAN            , SOKO
JATIM    , LAMONGAN , TUBAN BOJONEGORO  , TUBAN            , TAMBAKBOYO
JATIM    , LAMONGAN , TUBAN BOJONEGORO  , TUBAN            , TUBAN
JATIM    , LAMONGAN , TUBAN BOJONEGORO  , TUBAN            , WIDANG
JATIM    , MADIUN   , MADIUN            , KOTA MADIUN      , KARTOHARJO
JATIM    , MADIUN   , MADIUN            , KOTA MADIUN      , MANGU HARJO
JATIM    , MADIUN   , MADIUN            , KOTA MADIUN      , TAMAN
JATIM    , MADIUN   , MADIUN            , MADIUN           , BALEREJO
JATIM    , MADIUN   , MADIUN            , MADIUN           , DAGANGAN
JATIM    , MADIUN   , MADIUN            , MADIUN           , DOLOPO
JATIM    , MADIUN   , MADIUN            , MADIUN           , GEGER
JATIM    , MADIUN   , MADIUN            , MADIUN           , GEMARANG
JATIM    , MADIUN   , MADIUN            , MADIUN           , JIWAN
JATIM    , MADIUN   , MADIUN            , MADIUN           , KARE
JATIM    , MADIUN   , MADIUN            , MADIUN           , KEBONSARI
JATIM    , MADIUN   , MADIUN            , MADIUN           , MADIUN
JATIM    , MADIUN   , MADIUN            , MADIUN           , MEJAYAN
JATIM    , MADIUN   , MADIUN            , MADIUN           , PILANGKENCENG
JATIM    , MADIUN   , MADIUN            , MADIUN           , SARADAN
JATIM    , MADIUN   , MADIUN            , MADIUN           , SAWAHAN
JATIM    , MADIUN   , MADIUN            , MADIUN           , WONOASRI
JATIM    , MADIUN   , MADIUN            , MADIUN           , WUNGU
JATIM    , MADIUN   , KEDIRI            , NGANJUK          , BAGOR
JATIM    , MADIUN   , KEDIRI            , NGANJUK          , BARON
JATIM    , MADIUN   , KEDIRI            , NGANJUK          , BERBEK
JATIM    , MADIUN   , KEDIRI            , NGANJUK          , GONDANG
JATIM    , MADIUN   , KEDIRI            , NGANJUK          , JATIKALEN
JATIM    , MADIUN   , KEDIRI            , NGANJUK          , KERTOSONO
JATIM    , MADIUN   , KEDIRI            , NGANJUK          , LENGKONG
JATIM    , MADIUN   , KEDIRI            , NGANJUK          , LOCERET
JATIM    , MADIUN   , KEDIRI            , NGANJUK          , NGANJUK
JATIM    , MADIUN   , KEDIRI            , NGANJUK          , NGETOS
JATIM    , MADIUN   , KEDIRI            , NGANJUK          , NGLUYU
JATIM    , MADIUN   , KEDIRI            , NGANJUK          , NGRONGGOT
JATIM    , MADIUN   , KEDIRI            , NGANJUK          , PACE
JATIM    , MADIUN   , KEDIRI            , NGANJUK          , PATIANROWO
JATIM    , MADIUN   , KEDIRI            , NGANJUK          , PRAMBON
JATIM    , MADIUN   , KEDIRI            , NGANJUK          , REJOSO
JATIM    , MADIUN   , KEDIRI            , NGANJUK          , SAWAHAN
JATIM    , MADIUN   , KEDIRI            , NGANJUK          , SUKOMORO
JATIM    , MADIUN   , KEDIRI            , NGANJUK          , TANJUNGANOM
JATIM    , MADIUN   , KEDIRI            , NGANJUK          , WILANGAN
JATIM    , SIDOARJO , JOMBANG MOJOKERTO , JOMBANG          , BANDAR KEDUNG MULYO
JATIM    , SIDOARJO , JOMBANG MOJOKERTO , JOMBANG          , BARENG
JATIM    , SIDOARJO , JOMBANG MOJOKERTO , JOMBANG          , DIWEK
JATIM    , SIDOARJO , JOMBANG MOJOKERTO , JOMBANG          , GUDO
JATIM    , SIDOARJO , JOMBANG MOJOKERTO , JOMBANG          , JOGO ROTO
JATIM    , SIDOARJO , JOMBANG MOJOKERTO , JOMBANG          , JOMBANG
JATIM    , SIDOARJO , JOMBANG MOJOKERTO , JOMBANG          , KABUH
JATIM    , SIDOARJO , JOMBANG MOJOKERTO , JOMBANG          , KESAMBEN
JATIM    , SIDOARJO , JOMBANG MOJOKERTO , JOMBANG          , KUDU
JATIM    , SIDOARJO , JOMBANG MOJOKERTO , JOMBANG          , MEGALUH
JATIM    , SIDOARJO , JOMBANG MOJOKERTO , JOMBANG          , MOJOAGUNG
JATIM    , SIDOARJO , JOMBANG MOJOKERTO , JOMBANG          , MOJOWARNO
JATIM    , SIDOARJO , JOMBANG MOJOKERTO , JOMBANG          , NGORO
JATIM    , SIDOARJO , JOMBANG MOJOKERTO , JOMBANG          , NGUSIKAN
JATIM    , SIDOARJO , JOMBANG MOJOKERTO , JOMBANG          , PERAK
JATIM    , SIDOARJO , JOMBANG MOJOKERTO , JOMBANG          , PETERONGAN
JATIM    , SIDOARJO , JOMBANG MOJOKERTO , JOMBANG          , PLANDAAN
JATIM    , SIDOARJO , JOMBANG MOJOKERTO , JOMBANG          , PLOSO
JATIM    , SIDOARJO , JOMBANG MOJOKERTO , JOMBANG          , SUMOBITO
JATIM    , SIDOARJO , JOMBANG MOJOKERTO , JOMBANG          , TEMBELANG
JATIM    , SIDOARJO , JOMBANG MOJOKERTO , JOMBANG          , WONOSALAM
JATIM    , MADIUN   , KEDIRI            , KEDIRI           , BADAS
JATIM    , MADIUN   , KEDIRI            , KEDIRI           , BANYAKAN
JATIM    , MADIUN   , KEDIRI            , KEDIRI           , GAMPENGREJO
JATIM    , MADIUN   , KEDIRI            , KEDIRI           , GROGOL
JATIM    , MADIUN   , KEDIRI            , KEDIRI           , GURAH
JATIM    , MADIUN   , KEDIRI            , KEDIRI           , KANDANGAN
JATIM    , MADIUN   , KEDIRI            , KEDIRI           , KANDAT
JATIM    , MADIUN   , KEDIRI            , KEDIRI           , KAYEN KIDUL
JATIM    , MADIUN   , KEDIRI            , KEDIRI           , KEPUNG
JATIM    , MADIUN   , KEDIRI            , KEDIRI           , KRAS
JATIM    , MADIUN   , KEDIRI            , KEDIRI           , KUNJANG
JATIM    , MADIUN   , KEDIRI            , KEDIRI           , MOJO
JATIM    , MADIUN   , KEDIRI            , KEDIRI           , NGADILUWIH
JATIM    , MADIUN   , KEDIRI            , KEDIRI           , NGANCAR
JATIM    , MADIUN   , KEDIRI            , KEDIRI           , NGASEM
JATIM    , MADIUN   , KEDIRI            , KEDIRI           , PAGU
JATIM    , MADIUN   , KEDIRI            , KEDIRI           , PAPAR
JATIM    , MADIUN   , KEDIRI            , KEDIRI           , PARE
JATIM    , MADIUN   , KEDIRI            , KEDIRI           , PLEMAHAN
JATIM    , MADIUN   , KEDIRI            , KEDIRI           , PLOSOKLATEN
JATIM    , MADIUN   , KEDIRI            , KEDIRI           , PUNCU
JATIM    , MADIUN   , KEDIRI            , KEDIRI           , PURWOASRI
JATIM    , MADIUN   , KEDIRI            , KEDIRI           , RINGINREJO
JATIM    , MADIUN   , KEDIRI            , KEDIRI           , SEMEN
JATIM    , MADIUN   , KEDIRI            , KEDIRI           , TAROKAN
JATIM    , MADIUN   , KEDIRI            , KEDIRI           , WATES
JATIM    , MADIUN   , KEDIRI            , KOTA KEDIRI      , KOTA KEDIRI
JATIM    , MADIUN   , KEDIRI            , KOTA KEDIRI      , MOJOROTO
JATIM    , MADIUN   , KEDIRI            , KOTA KEDIRI      , PESANTREN
JATIM    , MADIUN   , MADIUN            , MAGETAN          , BARAT
JATIM    , MADIUN   , MADIUN            , MAGETAN          , BENDO
JATIM    , MADIUN   , MADIUN            , MAGETAN          , KARANGREJO
JATIM    , MADIUN   , MADIUN            , MAGETAN          , KARAS
JATIM    , MADIUN   , MADIUN            , MAGETAN          , KARTOHARJO
JATIM    , MADIUN   , MADIUN            , MAGETAN          , KAWEDANAN
JATIM    , MADIUN   , MADIUN            , MAGETAN          , LEMBEYAN
JATIM    , MADIUN   , MADIUN            , MAGETAN          , MAGETAN
JATIM    , MADIUN   , MADIUN            , MAGETAN          , MAOSPATI
JATIM    , MADIUN   , MADIUN            , MAGETAN          , NGARIBOYO
JATIM    , MADIUN   , MADIUN            , MAGETAN          , NGUNTORONADI
JATIM    , MADIUN   , MADIUN            , MAGETAN          , PANEKAN
JATIM    , MADIUN   , MADIUN            , MAGETAN          , PARANG
JATIM    , MADIUN   , MADIUN            , MAGETAN          , PLAOSAN
JATIM    , MADIUN   , MADIUN            , MAGETAN          , PONCOL
JATIM    , MADIUN   , MADIUN            , MAGETAN          , SIDOREJO
JATIM    , MADIUN   , MADIUN            , MAGETAN          , SUKOMORO
JATIM    , MADIUN   , MADIUN            , MAGETAN          , TAKERAN
JATIM    , MADIUN   , PONOROGO          , PACITAN          , ARJOSARI
JATIM    , MADIUN   , PONOROGO          , PACITAN          , BANDAR
JATIM    , MADIUN   , PONOROGO          , PACITAN          , DONOROJO
JATIM    , MADIUN   , PONOROGO          , PACITAN          , KEBONAGUNG
JATIM    , MADIUN   , PONOROGO          , PACITAN          , NAWANGAN
JATIM    , MADIUN   , PONOROGO          , PACITAN          , NGADIROJO
JATIM    , MADIUN   , PONOROGO          , PACITAN          , PACITAN
JATIM    , MADIUN   , PONOROGO          , PACITAN          , PRINGKUKU
JATIM    , MADIUN   , PONOROGO          , PACITAN          , PUNUNG
JATIM    , MADIUN   , PONOROGO          , PACITAN          , SUDIMORO
JATIM    , MADIUN   , PONOROGO          , PACITAN          , TEGALOMBO
JATIM    , MADIUN   , PONOROGO          , PACITAN          , TULAKAN
JATIM    , MADIUN   , PONOROGO          , PONOROGO         , BABADAN
JATIM    , MADIUN   , PONOROGO          , PONOROGO         , BADEGAN
JATIM    , MADIUN   , PONOROGO          , PONOROGO         , BALONG
JATIM    , MADIUN   , PONOROGO          , PONOROGO         , BUNGKAL
JATIM    , MADIUN   , PONOROGO          , PONOROGO         , JAMBON
JATIM    , MADIUN   , PONOROGO          , PONOROGO         , JENANGAN
JATIM    , MADIUN   , PONOROGO          , PONOROGO         , JETIS
JATIM    , MADIUN   , PONOROGO          , PONOROGO         , KAUMAN
JATIM    , MADIUN   , PONOROGO          , PONOROGO         , MLARAK
JATIM    , MADIUN   , PONOROGO          , PONOROGO         , NGEBEL
JATIM    , MADIUN   , PONOROGO          , PONOROGO         , NGRAYUN
JATIM    , MADIUN   , PONOROGO          , PONOROGO         , PONOROGO
JATIM    , MADIUN   , PONOROGO          , PONOROGO         , PUDAK
JATIM    , MADIUN   , PONOROGO          , PONOROGO         , PULUNG
JATIM    , MADIUN   , PONOROGO          , PONOROGO         , SAMBIT
JATIM    , MADIUN   , PONOROGO          , PONOROGO         , SAMPUNG
JATIM    , MADIUN   , PONOROGO          , PONOROGO         , SAWOO
JATIM    , MADIUN   , PONOROGO          , PONOROGO         , SIMAN
JATIM    , MADIUN   , PONOROGO          , PONOROGO         , SLAHUNG
JATIM    , MADIUN   , PONOROGO          , PONOROGO         , SOOKO
JATIM    , MADIUN   , PONOROGO          , PONOROGO         , SUKOREJO
JATIM    , MALANG   , MALANG            , KOTA BATU        , BATU
JATIM    , MALANG   , MALANG            , KOTA BATU        , BUMIAJI
JATIM    , MALANG   , MALANG            , KOTA BATU        , JUNREJO
JATIM    , MALANG   , MALANG            , KOTA MALANG      , BLIMBING
JATIM    , MALANG   , MALANG            , KOTA MALANG      , KEDUNGKANDANG
JATIM    , MALANG   , MALANG            , KOTA MALANG      , KLOJEN
JATIM    , MALANG   , MALANG            , KOTA MALANG      , LOWOKWARU
JATIM    , MALANG   , MALANG            , KOTA MALANG      , SUKUN
JATIM    , MALANG   , MALANG            , MALANG           , DAU
JATIM    , MALANG   , MALANG            , MALANG           , JABUNG
JATIM    , MALANG   , MALANG            , MALANG           , KARANGPLOSO
JATIM    , MALANG   , MALANG            , MALANG           , KASEMBON
JATIM    , MALANG   , MALANG            , MALANG           , LAWANG
JATIM    , MALANG   , MALANG            , MALANG           , NGANTANG
JATIM    , MALANG   , MALANG            , MALANG           , PAKIS
JATIM    , MALANG   , MALANG            , MALANG           , PONCOKUSUMO
JATIM    , MALANG   , MALANG            , MALANG           , PUJON
JATIM    , MALANG   , MALANG            , MALANG           , SINGOSARI
JATIM    , MALANG   , MALANG            , MALANG           , TUMPANG
JATIM    , MALANG   , MALANG            , MALANG           , AMPELGADING
JATIM    , MALANG   , MALANG            , MALANG           , BANTUR
JATIM    , MALANG   , MALANG            , MALANG           , BULULAWANG
JATIM    , MALANG   , MALANG            , MALANG           , DAMPIT
JATIM    , MALANG   , MALANG            , MALANG           , DONOMULYO
JATIM    , MALANG   , MALANG            , MALANG           , GEDANGAN
JATIM    , MALANG   , MALANG            , MALANG           , GONDANGLEGI
JATIM    , MALANG   , MALANG            , MALANG           , KALIPARE
JATIM    , MALANG   , MALANG            , MALANG           , KEPANJEN
JATIM    , MALANG   , MALANG            , MALANG           , KROMENGAN
JATIM    , MALANG   , MALANG            , MALANG           , NGAJUM
JATIM    , MALANG   , MALANG            , MALANG           , PAGAK
JATIM    , MALANG   , MALANG            , MALANG           , PAGELARAN
JATIM    , MALANG   , MALANG            , MALANG           , PAKISAJI
JATIM    , MALANG   , MALANG            , MALANG           , SUMBER PUCUNG
JATIM    , MALANG   , MALANG            , MALANG           , SUMBERMANJING
JATIM    , MALANG   , MALANG            , MALANG           , TAJINAN
JATIM    , MALANG   , MALANG            , MALANG           , TIRTO YUDO
JATIM    , MALANG   , MALANG            , MALANG           , TUREN
JATIM    , MALANG   , MALANG            , MALANG           , WAGIR
JATIM    , MALANG   , MALANG            , MALANG           , WAJAK
JATIM    , MALANG   , MALANG            , MALANG           , WONOSARI
JATIM    , MALANG   , TULUNGAGUNG       , BLITAR           , BAKUNG
JATIM    , MALANG   , TULUNGAGUNG       , BLITAR           , BINANGUN
JATIM    , MALANG   , TULUNGAGUNG       , BLITAR           , DOKO
JATIM    , MALANG   , TULUNGAGUNG       , BLITAR           , GANDUSARI
JATIM    , MALANG   , TULUNGAGUNG       , BLITAR           , GARUM
JATIM    , MALANG   , TULUNGAGUNG       , BLITAR           , KADEMANGAN
JATIM    , MALANG   , TULUNGAGUNG       , BLITAR           , KANIGORO
JATIM    , MALANG   , TULUNGAGUNG       , BLITAR           , KESAMBEN
JATIM    , MALANG   , TULUNGAGUNG       , BLITAR           , NGLEGOK
JATIM    , MALANG   , TULUNGAGUNG       , BLITAR           , PANGGUNGREJO
JATIM    , MALANG   , TULUNGAGUNG       , BLITAR           , PONGGOK
JATIM    , MALANG   , TULUNGAGUNG       , BLITAR           , SANANKULON
JATIM    , MALANG   , TULUNGAGUNG       , BLITAR           , SELOPURO
JATIM    , MALANG   , TULUNGAGUNG       , BLITAR           , SELOREJO
JATIM    , MALANG   , TULUNGAGUNG       , BLITAR           , SRENGAT
JATIM    , MALANG   , TULUNGAGUNG       , BLITAR           , SUTOJAYAN
JATIM    , MALANG   , TULUNGAGUNG       , BLITAR           , TALUN
JATIM    , MALANG   , TULUNGAGUNG       , BLITAR           , UDANAWU
JATIM    , MALANG   , TULUNGAGUNG       , BLITAR           , WATES
JATIM    , MALANG   , TULUNGAGUNG       , BLITAR           , WLINGI
JATIM    , MALANG   , TULUNGAGUNG       , BLITAR           , WONODADI
JATIM    , MALANG   , TULUNGAGUNG       , BLITAR           , WONOTIRTO
JATIM    , MALANG   , TULUNGAGUNG       , KOTA BLITAR      , KEPANJENKIDUL
JATIM    , MALANG   , TULUNGAGUNG       , KOTA BLITAR      , SANANWETAN
JATIM    , MALANG   , TULUNGAGUNG       , KOTA BLITAR      , SUKOREJO
JATIM    , MADIUN   , PONOROGO          , TRENGGALEK       , BENDUNGAN
JATIM    , MADIUN   , PONOROGO          , TRENGGALEK       , DONGKO
JATIM    , MADIUN   , PONOROGO          , TRENGGALEK       , DURENAN
JATIM    , MADIUN   , PONOROGO          , TRENGGALEK       , GANDUSARI
JATIM    , MADIUN   , PONOROGO          , TRENGGALEK       , KAMPAK
JATIM    , MADIUN   , PONOROGO          , TRENGGALEK       , KARANGAN
JATIM    , MADIUN   , PONOROGO          , TRENGGALEK       , MUNJUNGAN
JATIM    , MADIUN   , PONOROGO          , TRENGGALEK       , PANGGUL
JATIM    , MADIUN   , PONOROGO          , TRENGGALEK       , POGALAN
JATIM    , MADIUN   , PONOROGO          , TRENGGALEK       , PULE
JATIM    , MADIUN   , PONOROGO          , TRENGGALEK       , SURUH
JATIM    , MADIUN   , PONOROGO          , TRENGGALEK       , TRENGGALEK
JATIM    , MADIUN   , PONOROGO          , TRENGGALEK       , TUGU
JATIM    , MADIUN   , PONOROGO          , TRENGGALEK       , WATULIMO
JATIM    , MALANG   , TULUNGAGUNG       , TULUNGAGUNG      , BANDUNG
JATIM    , MALANG   , TULUNGAGUNG       , TULUNGAGUNG      , BESUKI
JATIM    , MALANG   , TULUNGAGUNG       , TULUNGAGUNG      , BOYOLANGU
JATIM    , MALANG   , TULUNGAGUNG       , TULUNGAGUNG      , CAMPUR DARAT
JATIM    , MALANG   , TULUNGAGUNG       , TULUNGAGUNG      , GONDANG
JATIM    , MALANG   , TULUNGAGUNG       , TULUNGAGUNG      , KALIDAWIR
JATIM    , MALANG   , TULUNGAGUNG       , TULUNGAGUNG      , KARANGREJO
JATIM    , MALANG   , TULUNGAGUNG       , TULUNGAGUNG      , KAUMAN
JATIM    , MALANG   , TULUNGAGUNG       , TULUNGAGUNG      , KEDUNGWARU
JATIM    , MALANG   , TULUNGAGUNG       , TULUNGAGUNG      , NGANTRU
JATIM    , MALANG   , TULUNGAGUNG       , TULUNGAGUNG      , NGUNUT
JATIM    , MALANG   , TULUNGAGUNG       , TULUNGAGUNG      , PAGER WOJO
JATIM    , MALANG   , TULUNGAGUNG       , TULUNGAGUNG      , PAKEL
JATIM    , MALANG   , TULUNGAGUNG       , TULUNGAGUNG      , PUCANG LABAN
JATIM    , MALANG   , TULUNGAGUNG       , TULUNGAGUNG      , REJOTANGAN
JATIM    , MALANG   , TULUNGAGUNG       , TULUNGAGUNG      , SENDANG
JATIM    , MALANG   , TULUNGAGUNG       , TULUNGAGUNG      , SUMBERGEMPOL
JATIM    , MALANG   , TULUNGAGUNG       , TULUNGAGUNG      , TANGGUNG GUNUNG
JATIM    , MALANG   , TULUNGAGUNG       , TULUNGAGUNG      , TULUNGAGUNG
JATIM    , SIDOARJO , SIDOARJO PASURUAN , KOTA PASURUAN    , BUGULKIDUL
JATIM    , SIDOARJO , SIDOARJO PASURUAN , KOTA PASURUAN    , GADINGREJO
JATIM    , SIDOARJO , SIDOARJO PASURUAN , KOTA PASURUAN    , PANGGUNGREJO
JATIM    , SIDOARJO , SIDOARJO PASURUAN , KOTA PASURUAN    , PURWOREJO
JATIM    , SIDOARJO , SIDOARJO PASURUAN , PASURUAN         , BANGIL
JATIM    , SIDOARJO , SIDOARJO PASURUAN , PASURUAN         , BEJI
JATIM    , SIDOARJO , SIDOARJO PASURUAN , PASURUAN         , GEMPOL
JATIM    , SIDOARJO , SIDOARJO PASURUAN , PASURUAN         , GONDANG WETAN
JATIM    , SIDOARJO , SIDOARJO PASURUAN , PASURUAN         , GRATI
JATIM    , SIDOARJO , SIDOARJO PASURUAN , PASURUAN         , KEJAYAN
JATIM    , SIDOARJO , SIDOARJO PASURUAN , PASURUAN         , KRATON
JATIM    , SIDOARJO , SIDOARJO PASURUAN , PASURUAN         , LEKOK
JATIM    , SIDOARJO , SIDOARJO PASURUAN , PASURUAN         , LUMBANG
JATIM    , SIDOARJO , SIDOARJO PASURUAN , PASURUAN         , NGULING
JATIM    , SIDOARJO , SIDOARJO PASURUAN , PASURUAN         , PANDAAN
JATIM    , SIDOARJO , SIDOARJO PASURUAN , PASURUAN         , PASREPAN
JATIM    , SIDOARJO , SIDOARJO PASURUAN , PASURUAN         , POHJENTREK
JATIM    , SIDOARJO , SIDOARJO PASURUAN , PASURUAN         , PRIGEN
JATIM    , SIDOARJO , SIDOARJO PASURUAN , PASURUAN         , PURWODADI
JATIM    , SIDOARJO , SIDOARJO PASURUAN , PASURUAN         , PURWOSARI
JATIM    , SIDOARJO , SIDOARJO PASURUAN , PASURUAN         , PUSPO
JATIM    , SIDOARJO , SIDOARJO PASURUAN , PASURUAN         , REJOSO
JATIM    , SIDOARJO , SIDOARJO PASURUAN , PASURUAN         , REMBANG
JATIM    , SIDOARJO , SIDOARJO PASURUAN , PASURUAN         , SUKOREJO
JATIM    , SIDOARJO , SIDOARJO PASURUAN , PASURUAN         , TOSARI
JATIM    , SIDOARJO , SIDOARJO PASURUAN , PASURUAN         , TUTUR
JATIM    , SIDOARJO , SIDOARJO PASURUAN , PASURUAN         , WINONGAN
JATIM    , SIDOARJO , SIDOARJO PASURUAN , PASURUAN         , WONOREJO
JATIM    , SIDOARJO , JOMBANG MOJOKERTO , KOTA MOJOKERTO   , MAGERSARI
JATIM    , SIDOARJO , JOMBANG MOJOKERTO , KOTA MOJOKERTO   , PRAJURIT KULON
JATIM    , SIDOARJO , JOMBANG MOJOKERTO , MOJOKERTO        , BANGSAL
JATIM    , SIDOARJO , JOMBANG MOJOKERTO , MOJOKERTO        , DAWAR BLANDONG
JATIM    , SIDOARJO , JOMBANG MOJOKERTO , MOJOKERTO        , DLANGGU
JATIM    , SIDOARJO , JOMBANG MOJOKERTO , MOJOKERTO        , GEDEK
JATIM    , SIDOARJO , JOMBANG MOJOKERTO , MOJOKERTO        , GONDANG
JATIM    , SIDOARJO , JOMBANG MOJOKERTO , MOJOKERTO        , JATIREJO
JATIM    , SIDOARJO , JOMBANG MOJOKERTO , MOJOKERTO        , JETIS
JATIM    , SIDOARJO , JOMBANG MOJOKERTO , MOJOKERTO        , KEMLAGI
JATIM    , SIDOARJO , JOMBANG MOJOKERTO , MOJOKERTO        , KUTOREJO
JATIM    , SIDOARJO , JOMBANG MOJOKERTO , MOJOKERTO        , MOJOANYAR
JATIM    , SIDOARJO , JOMBANG MOJOKERTO , MOJOKERTO        , MOJOSARI
JATIM    , SIDOARJO , JOMBANG MOJOKERTO , MOJOKERTO        , NGORO
JATIM    , SIDOARJO , JOMBANG MOJOKERTO , MOJOKERTO        , PACET
JATIM    , SIDOARJO , JOMBANG MOJOKERTO , MOJOKERTO        , PUNGGING
JATIM    , SIDOARJO , JOMBANG MOJOKERTO , MOJOKERTO        , PURI
JATIM    , SIDOARJO , JOMBANG MOJOKERTO , MOJOKERTO        , SOOKO
JATIM    , SIDOARJO , JOMBANG MOJOKERTO , MOJOKERTO        , TRAWAS
JATIM    , SIDOARJO , JOMBANG MOJOKERTO , MOJOKERTO        , TROWULAN
JATIM    , SIDOARJO , SIDOARJO PASURUAN , SIDOARJO         , BALONG BENDO
JATIM    , SIDOARJO , SIDOARJO PASURUAN , SIDOARJO         , BUDURAN
JATIM    , SIDOARJO , SIDOARJO PASURUAN , SIDOARJO         , CANDI
JATIM    , SIDOARJO , SIDOARJO PASURUAN , SIDOARJO         , GEDANGAN
JATIM    , SIDOARJO , SIDOARJO PASURUAN , SIDOARJO         , JABON
JATIM    , SIDOARJO , SIDOARJO PASURUAN , SIDOARJO         , KREMBUNG
JATIM    , SIDOARJO , SIDOARJO PASURUAN , SIDOARJO         , KRIAN
JATIM    , SIDOARJO , SIDOARJO PASURUAN , SIDOARJO         , PORONG
JATIM    , SIDOARJO , SIDOARJO PASURUAN , SIDOARJO         , PRAMBON
JATIM    , SIDOARJO , SIDOARJO PASURUAN , SIDOARJO         , SEDATI
JATIM    , SIDOARJO , SIDOARJO PASURUAN , SIDOARJO         , SIDOARJO
JATIM    , SIDOARJO , SIDOARJO PASURUAN , SIDOARJO         , SUKODONO
JATIM    , SIDOARJO , SIDOARJO PASURUAN , SIDOARJO         , TAMAN
JATIM    , SIDOARJO , SIDOARJO PASURUAN , SIDOARJO         , TANGGULANGIN
JATIM    , SIDOARJO , SIDOARJO PASURUAN , SIDOARJO         , TARIK
JATIM    , SIDOARJO , SIDOARJO PASURUAN , SIDOARJO         , TULANGAN
JATIM    , SIDOARJO , SIDOARJO PASURUAN , SIDOARJO         , WARU
JATIM    , SIDOARJO , SIDOARJO PASURUAN , SIDOARJO         , WONOAYU
JATIM    , SURABAYA , KOTA SURABAYA     , KOTA SURABAYA    , ASEMROWO
JATIM    , SURABAYA , KOTA SURABAYA     , KOTA SURABAYA    , BENOWO
JATIM    , SURABAYA , KOTA SURABAYA     , KOTA SURABAYA    , BUBUTAN
JATIM    , SURABAYA , KOTA SURABAYA     , KOTA SURABAYA    , BULAK
JATIM    , SURABAYA , KOTA SURABAYA     , KOTA SURABAYA    , DUKUH PAKIS
JATIM    , SURABAYA , KOTA SURABAYA     , KOTA SURABAYA    , GAYUNGAN
JATIM    , SURABAYA , KOTA SURABAYA     , KOTA SURABAYA    , GENTENG
JATIM    , SURABAYA , KOTA SURABAYA     , KOTA SURABAYA    , GUBENG
JATIM    , SURABAYA , KOTA SURABAYA     , KOTA SURABAYA    , GUNUNG ANYAR
JATIM    , SURABAYA , KOTA SURABAYA     , KOTA SURABAYA    , JAMBANGAN
JATIM    , SURABAYA , KOTA SURABAYA     , KOTA SURABAYA    , KARANG PILANG
JATIM    , SURABAYA , KOTA SURABAYA     , KOTA SURABAYA    , KENJERAN
JATIM    , SURABAYA , KOTA SURABAYA     , KOTA SURABAYA    , KREMBANGAN
JATIM    , SURABAYA , KOTA SURABAYA     , KOTA SURABAYA    , LAKARSANTRI
JATIM    , SURABAYA , KOTA SURABAYA     , KOTA SURABAYA    , MULYOREJO
JATIM    , SURABAYA , KOTA SURABAYA     , KOTA SURABAYA    , PABEAN CANTIAN
JATIM    , SURABAYA , KOTA SURABAYA     , KOTA SURABAYA    , PAKAL
JATIM    , SURABAYA , KOTA SURABAYA     , KOTA SURABAYA    , RUNGKUT
JATIM    , SURABAYA , KOTA SURABAYA     , KOTA SURABAYA    , SAMBIKEREP
JATIM    , SURABAYA , KOTA SURABAYA     , KOTA SURABAYA    , SAWAHAN
JATIM    , SURABAYA , KOTA SURABAYA     , KOTA SURABAYA    , SEMAMPIR
JATIM    , SURABAYA , KOTA SURABAYA     , KOTA SURABAYA    , SIMOKERTO
JATIM    , SURABAYA , KOTA SURABAYA     , KOTA SURABAYA    , SUKO MANUNGGAL
JATIM    , SURABAYA , KOTA SURABAYA     , KOTA SURABAYA    , SUKOLILO
JATIM    , SURABAYA , KOTA SURABAYA     , KOTA SURABAYA    , TAMBAKSARI
JATIM    , SURABAYA , KOTA SURABAYA     , KOTA SURABAYA    , TANDES
JATIM    , SURABAYA , KOTA SURABAYA     , KOTA SURABAYA    , TEGALSARI
JATIM    , SURABAYA , KOTA SURABAYA     , KOTA SURABAYA    , TENGGILIS MEJOYO
JATIM    , SURABAYA , KOTA SURABAYA     , KOTA SURABAYA    , WIYUNG
JATIM    , SURABAYA , KOTA SURABAYA     , KOTA SURABAYA    , WONOCOLO
JATIM    , SURABAYA , KOTA SURABAYA     , KOTA SURABAYA    , WONOKROMO
JATIM    , SURABAYA , MADURA            , PAMEKASAN        , BATU MARMAR
JATIM    , SURABAYA , MADURA            , PAMEKASAN        , GALIS
JATIM    , SURABAYA , MADURA            , PAMEKASAN        , KADUR
JATIM    , SURABAYA , MADURA            , PAMEKASAN        , LARANGAN
JATIM    , SURABAYA , MADURA            , PAMEKASAN        , PADEMAWU
JATIM    , SURABAYA , MADURA            , PAMEKASAN        , PAKONG
JATIM    , SURABAYA , MADURA            , PAMEKASAN        , PALENGAAN
JATIM    , SURABAYA , MADURA            , PAMEKASAN        , PAMEKASAN
JATIM    , SURABAYA , MADURA            , PAMEKASAN        , PASEAN
JATIM    , SURABAYA , MADURA            , PAMEKASAN        , PEGANTENAN
JATIM    , SURABAYA , MADURA            , PAMEKASAN        , PROPPO
JATIM    , SURABAYA , MADURA            , PAMEKASAN        , TLANAKAN
JATIM    , SURABAYA , MADURA            , PAMEKASAN        , WARU
JATIM    , SURABAYA , MADURA            , SUMENEP          , AMBUNTEN
JATIM    , SURABAYA , MADURA            , SUMENEP          , ARJASA
JATIM    , SURABAYA , MADURA            , SUMENEP          , BATANG BATANG
JATIM    , SURABAYA , MADURA            , SUMENEP          , BATUAN
JATIM    , SURABAYA , MADURA            , SUMENEP          , BATUPUTIH
JATIM    , SURABAYA , MADURA            , SUMENEP          , BLUTO
JATIM    , SURABAYA , MADURA            , SUMENEP          , DASUK
JATIM    , SURABAYA , MADURA            , SUMENEP          , DUNGKEK
JATIM    , SURABAYA , MADURA            , SUMENEP          , GANDING
JATIM    , SURABAYA , MADURA            , SUMENEP          , GAPURA
JATIM    , SURABAYA , MADURA            , SUMENEP          , GAYAM
JATIM    , SURABAYA , MADURA            , SUMENEP          , GILIGENTENG
JATIM    , SURABAYA , MADURA            , SUMENEP          , GULUK GULUK
JATIM    , SURABAYA , MADURA            , SUMENEP          , KALIANGET
JATIM    , SURABAYA , MADURA            , SUMENEP          , KANGAYAN
JATIM    , SURABAYA , MADURA            , SUMENEP          , KOTA SUMENEP
JATIM    , SURABAYA , MADURA            , SUMENEP          , LENTENG
JATIM    , SURABAYA , MADURA            , SUMENEP          , MANDING
JATIM    , SURABAYA , MADURA            , SUMENEP          , MASALEMBU
JATIM    , SURABAYA , MADURA            , SUMENEP          , NONGGUNONG
JATIM    , SURABAYA , MADURA            , SUMENEP          , PASONGSONGAN
JATIM    , SURABAYA , MADURA            , SUMENEP          , PRAGAAN
JATIM    , SURABAYA , MADURA            , SUMENEP          , RAAS
JATIM    , SURABAYA , MADURA            , SUMENEP          , RUBARU
JATIM    , SURABAYA , MADURA            , SUMENEP          , SAPEKEN
JATIM    , SURABAYA , MADURA            , SUMENEP          , SARONGGI
JATIM    , SURABAYA , MADURA            , SUMENEP          , TALANGO
JATIM    , SURABAYA , MADURA            , BANGKALAN        , AROSBAYA
JATIM    , SURABAYA , MADURA            , BANGKALAN        , BANGKALAN
JATIM    , SURABAYA , MADURA            , BANGKALAN        , BLEGA
JATIM    , SURABAYA , MADURA            , BANGKALAN        , BURNEH
JATIM    , SURABAYA , MADURA            , BANGKALAN        , GALIS
JATIM    , SURABAYA , MADURA            , BANGKALAN        , GEGER
JATIM    , SURABAYA , MADURA            , BANGKALAN        , KAMAL
JATIM    , SURABAYA , MADURA            , BANGKALAN        , KLAMPIS
JATIM    , SURABAYA , MADURA            , BANGKALAN        , KOKOP
JATIM    , SURABAYA , MADURA            , BANGKALAN        , KONANG
JATIM    , SURABAYA , MADURA            , BANGKALAN        , KWANYAR
JATIM    , SURABAYA , MADURA            , BANGKALAN        , LABANG
JATIM    , SURABAYA , MADURA            , BANGKALAN        , MODUNG
JATIM    , SURABAYA , MADURA            , BANGKALAN        , SEPULU
JATIM    , SURABAYA , MADURA            , BANGKALAN        , SOCAH
JATIM    , SURABAYA , MADURA            , BANGKALAN        , TANAH MERAH
JATIM    , SURABAYA , MADURA            , BANGKALAN        , TANJUNGBUMI
JATIM    , SURABAYA , MADURA            , BANGKALAN        , TRAGAH
JATIM    , SURABAYA , MADURA            , SAMPANG          , BANYUATES
JATIM    , SURABAYA , MADURA            , SAMPANG          , CAMPLONG
JATIM    , SURABAYA , MADURA            , SAMPANG          , JRENGIK
JATIM    , SURABAYA , MADURA            , SAMPANG          , KARANG PENANG
JATIM    , SURABAYA , MADURA            , SAMPANG          , KEDUNGDUNG
JATIM    , SURABAYA , MADURA            , SAMPANG          , KETAPANG
JATIM    , SURABAYA , MADURA            , SAMPANG          , OMBEN
JATIM    , SURABAYA , MADURA            , SAMPANG          , PANGARENGAN
JATIM    , SURABAYA , MADURA            , SAMPANG          , ROBATAL
JATIM    , SURABAYA , MADURA            , SAMPANG          , SAMPANG
JATIM    , SURABAYA , MADURA            , SAMPANG          , SOKOBANAH
JATIM    , SURABAYA , MADURA            , SAMPANG          , SRESEH
JATIM    , SURABAYA , MADURA            , SAMPANG          , TAMBELANGAN
JATIM    , SURABAYA , MADURA            , SAMPANG          , TORJUN
JATIM    , JEMBER   , SITUBONDOWOSO     , BONDOWOSO        , BINAKAL
JATIM    , SIDOARJO , JOMBANG MOJOKERTO , KOTA MOJOKERTO   , KRANGGAN
JATIM    , JEMBER   , BANYUWANGI        , BANYUWANGI       , BLIMBING SARI